prod_first_category_name,prod_second_category_name,prod_third_category_name,base_ss_view_uv_total,base_ss_view_uv_avg
母婴用品,童装童鞋,儿童雨衣/雨靴,32972,4710.285714285715
家用电器,个护电器,筋膜枪,12304,1757.7142857142858
家庭清洁,家居清洁,家具光亮剂,723,103.28571428571429
服饰鞋包,箱包皮具,箱包皮具配件,9251,1321.5714285714287
家纺布艺,床上用品,床垫/床褥,133728,19104.0
母婴用品,孕产妇专用,待产护理用品,31464,4494.857142857143
服饰鞋包,女鞋,女士休闲鞋,85105,12157.857142857143
运动户外,运动鞋服,运动短裤,12212,1744.5714285714287
成人用品,男用器具,锁精环,159,22.714285714285715
运动户外,户外鞋服,沙滩鞋,5771,824.4285714285714
宠物生活,猫狗日用,其他,1,0.14285714285714285
家用电器,厨房电器,电烤炉,13762,1966.0
厨具餐具,茶具/咖啡具,茶壶,14190,2027.142857142857
服饰鞋包,男装,男士皮裤,9,1.2857142857142858
家纺布艺,毛巾浴巾,其他毛巾浴巾,175464,25066.285714285714
服饰鞋包,女装,女士西装,11209,1601.2857142857142
学习/办公用品,美术画材,油画布/油画框/油画本,6046,863.7142857142857
家用电器,生活电器,衣物消毒机,2,0.2857142857142857
手机通讯,手机配件,手机贴膜,135958,19422.571428571428
宠物生活,宠物营养保健,健骨补钙,3291,470.14285714285717
电脑数码,电子教育,点读机/笔,1357,193.85714285714286
服饰鞋包,男装,男士西服裤装,20390,2912.8571428571427
电脑数码,电脑整机,一体机,117,16.714285714285715
手机通讯,手机配件,手机壳/保护套,191330,27332.85714285714
彩妆香水,面部彩妆,遮瑕,16871,2410.1428571428573
电脑数码,摄影摄像,镜头,199,28.428571428571427
电脑数码,影音娱乐,麦克风,39578,5654.0
厨具餐具,茶具/咖啡具,咖啡壶,1154,164.85714285714286
厨具餐具,水具/酒具,酒杯,40658,5808.285714285715
学习/办公用品,美术画材,水彩笔,21371,3053.0
家用电器,个护电器,头部按摩器,298,42.57142857142857
家居日用,生活日用,暖贴/暖宝宝,81080,11582.857142857143
家装建材,五金用品,机械锁,84727,12103.857142857143
厨具餐具,茶具/咖啡具,茶叶罐,2268,324.0
服饰鞋包,男鞋,其他,38020,5431.428571428572
家居日用,生活日用,生活用剪,5820,831.4285714285714
家庭清洁,纸品湿巾,手帕纸,11165,1595.0
服饰鞋包,箱包皮具,单肩包/斜挎包,100738,14391.142857142857
家庭清洁,家居清洁,地板清洁剂,14283,2040.4285714285713
电脑数码,办公设备,收银机,260,37.142857142857146
成人用品,男用器具,阴茎训练器,1,0.14285714285714285
母婴用品,洗护清洁,宝宝水温计,1137,162.42857142857142
运动户外,滑雪运动,滑雪鞋,2,0.2857142857142857
运动户外,健身训练,其他健身装备,27482,3926.0
运动户外,运动鞋服,运动卫衣/套头衫,731,104.42857142857143
家用电器,大家电,中央空调,3,0.42857142857142855
厨具餐具,厨用工具/配件,厨房储物器皿,147102,21014.571428571428
美容护肤,唇部护理,润唇膏,64778,9254.0
电脑数码,电脑整机,其他,9,1.2857142857142858
母婴用品,尿裤/尿不湿,拉拉裤,120888,17269.714285714286
珠宝首饰,黄金（新）,黄金吊坠/项链,3824,546.2857142857143
服饰鞋包,内衣/家居服,睡衣/家居服套装,173682,24811.714285714286
家庭清洁,家居清洁,其他家用清洁剂,6672,953.1428571428571
学习/办公用品,纸张本册,其他,1,0.14285714285714285
厨具餐具,餐具,餐具套装,18384,2626.285714285714
节庆礼品,节庆/祭祀用品,节日庆典用品,595507,85072.42857142857
家庭清洁,家用芳香剂/驱虫,干燥防霉,19953,2850.4285714285716
彩妆香水,美妆工具/服务,美发工具,128827,18403.85714285714
母婴用品,童装童鞋,儿童运动裤,1219,174.14285714285714
家用电器,厨房电器,家用制冰机,3338,476.85714285714283
家用电器,厨房电器,酸奶机,289,41.285714285714285
美容护肤,面部护理,面部护理套装,49756,7108.0
手机通讯,运营商,号卡,28723,4103.285714285715
美容护肤,男士护肤,男士润唇膏,1946,278.0
母婴用品,孕产妇专用,孕产妇营养品,191,27.285714285714285
学习/办公用品,美术画材,文房四宝,19124,2732.0
电脑数码,摄影摄像,微单相机,1165,166.42857142857142
厨具餐具,餐具,便当盒,126693,18099.0
运动户外,垂钓用品,渔具包,780,111.42857142857143
个人洗护,成人护理,其他,22,3.142857142857143
手机通讯,手机/对讲机,手机,753189,107598.42857142857
电脑数码,电动车/平衡车,电动自行车,1323,189.0
母婴用品,家居出行,汽车座椅,882,126.0
家庭清洁,纸品湿巾,卷纸,184840,26405.714285714286
电脑数码,办公耗材,硒鼓,4074,582.0
厨具餐具,厨用工具/配件,锅铲/锅勺,42050,6007.142857142857
服饰鞋包,女鞋,其他女鞋,15156,2165.1428571428573
母婴用品,孕产妇专用,吸奶器及配件,61694,8813.42857142857
家用电器,厨房电器,电热饭盒,903,129.0
家纺布艺,居家布艺,窗帘/窗纱,78516,11216.57142857143
运动户外,棋牌麻将,扑克,100961,14423.0
家用电器,生活电器,生活电器配件,6336,905.1428571428571
个人洗护,男士护理,男性私处护理,1000,142.85714285714286
学习/办公用品,纸张本册,信纸/信封,83399,11914.142857142857
电脑数码,游戏设备,游戏手柄/方向盘,13196,1885.142857142857
母婴用品,童装童鞋,儿童拖鞋,20814,2973.4285714285716
服饰鞋包,女装,女士皮草,8,1.1428571428571428
运动户外,滑雪运动,滑雪杖,1,0.14285714285714285
个人洗护,男士护理,剃须泡沫/啫喱,10927,1561.0
彩妆香水,香水,男士香水,14834,2119.1428571428573
电脑数码,智能穿戴,智能手表,78617,11231.0
玩具乐器,乐器及配件,乐器,12508,1786.857142857143
母婴用品,童装童鞋,儿童帽子,18078,2582.5714285714284
家用电器,厨卫大电,其他厨卫大电,25,3.5714285714285716
电脑数码,电脑硬件,SSD固态硬盘,5080,725.7142857142857
母婴用品,营养辅食零食,宝宝鱼肠/肉肠,2106,300.85714285714283
母婴用品,洗护清洁,宝宝洗浴护肤礼盒,62,8.857142857142858
母婴用品,童装童鞋,童靴,17,2.4285714285714284
服饰鞋包,服饰配饰,手表（废弃）,16,2.2857142857142856
个人洗护,身体护理,精油,29450,4207.142857142857
个人洗护,美发护发,免洗发喷雾,49495,7070.714285714285
个人洗护,女士护理,女性私处护理,28350,4050.0
服饰鞋包,服饰配饰,帽子,168252,24036.0
家用电器,厨房电器,电蒸锅,1998,285.42857142857144
运动户外,棋牌麻将,麻将,36088,5155.428571428572
家用电器,厨房电器,电煎药壶,7859,1122.7142857142858
家用电器,厨房电器,煮蛋器,3650,521.4285714285714
宠物生活,宠物兽药,其他,46,6.571428571428571
服饰鞋包,内衣/家居服,肩带,21320,3045.714285714286
美容护肤,面部护理,面部喷雾,35168,5024.0
家居日用,生活日用,保暖防护,17640,2520.0
运动户外,棋牌麻将,其他棋牌麻将/工具,5360,765.7142857142857
家居日用,收纳整理,防尘罩,29235,4176.428571428572
美容护肤,男士护肤,男士乳液/面霜,5306,758.0
母婴用品,日常护理,儿童指甲剪,6829,975.5714285714286
个人洗护,身体清洁,身体清洁工具,85421,12203.0
宠物生活,宠物零食,狗零食,49431,7061.571428571428
家用电器,厨房电器,其他厨房电器,104895,14985.0
电脑数码,办公耗材,墨盒,23928,3418.285714285714
家庭清洁,衣物护理,洗衣皂,31494,4499.142857142857
彩妆香水,面部彩妆,气垫BB/BB霜,30192,4313.142857142857
母婴用品,营养辅食零食,儿童奶酪/奶制品,1063,151.85714285714286
个人洗护,身体护理,其他护理产品,8867,1266.7142857142858
母婴用品,奶粉,其他,43946,6278.0
母婴用品,营养辅食零食,钙/铁/锌/维生素,2253,321.85714285714283
母婴用品,安全防护,其他儿童安全防护用品,1928,275.42857142857144
服饰鞋包,女装,女士皮衣,837,119.57142857142857
服饰鞋包,内衣/家居服,一次性袜子,26111,3730.1428571428573
母婴用品,童装童鞋,儿童手套/脚套,4065,580.7142857142857
宠物生活,宠物兽药,非处方五官药,20814,2973.4285714285716
电脑数码,外设产品,U盘,61630,8804.285714285714
学习/办公用品,办公用品/服务,笔筒,2872,410.2857142857143
家装建材,灯饰照明,氛围灯,32808,4686.857142857143
个人洗护,女士护理,卫生护垫,67337,9619.57142857143
母婴用品,家居出行,学步车,3967,566.7142857142857
服饰鞋包,男鞋,男士拖鞋,120909,17272.714285714286
服饰鞋包,服饰配饰,婚纱礼服配件,13704,1957.7142857142858
彩妆香水,香水,女士香水,44167,6309.571428571428
电脑数码,办公耗材,传真纸,32,4.571428571428571
家用电器,厨房电器,电磁炉,26507,3786.714285714286
母婴用品,洗护清洁,宝宝面霜,24620,3517.1428571428573
服饰鞋包,男装,男士牛仔裤,11635,1662.142857142857
宠物生活,宠物玩具,猫爬架,2504,357.7142857142857
母婴用品,安全防护,儿童围栏,1103,157.57142857142858
学习/办公用品,纸张本册,同学录/纪念册,9661,1380.142857142857
母婴用品,尿裤/尿不湿,游泳尿裤,5503,786.1428571428571
运动户外,运动鞋服,运动套装,13972,1996.0
彩妆香水,美妆工具/服务,化妆镜,48441,6920.142857142857
家装建材,灯饰照明,白炽灯,853,121.85714285714286
运动户外,棋牌麻将,其他,2877,411.0
家用电器,个护电器,个护电器配件,5790,827.1428571428571
母婴用品,喂养用品,消毒/暖奶/小家电,12803,1829.0
家用电器,生活电器,踢脚线电暖器,147,21.0
彩妆香水,面部彩妆,粉饼,56050,8007.142857142857
家用电器,厨房电器,电水壶/热水瓶,87377,12482.42857142857
母婴用品,日常护理,儿童口腔护理,22251,3178.714285714286
电脑数码,游戏设备,其他,9,1.2857142857142858
个人洗护,男士洗护,男士洗发水,15260,2180.0
珠宝首饰,钻石/珠宝玉石,钻石,320,45.714285714285715
个人洗护,美发护发,护发素,77362,11051.714285714286
个人洗护,男士洗护,男士沐浴,15726,2246.5714285714284
电脑数码,网络设备,交换机,6891,984.4285714285714
个人洗护,身体护理,手膜/手蜡,3559,508.42857142857144
个人洗护,女士护理,其他女士护理,75,10.714285714285714
电脑数码,电脑硬件,电脑电源适配器,32791,4684.428571428572
家用电器,生活电器,加湿器,10634,1519.142857142857
电脑数码,办公设备,其他办公设备,2706,386.57142857142856
美容护肤,男士护肤,男士洁面,16328,2332.5714285714284
厨具餐具,烹饪锅具,烧水壶,40085,5726.428571428572
家庭清洁,纸品湿巾,湿纸巾/湿厕纸,81437,11633.857142857143
家庭清洁,衣物护理,洗衣凝珠,10630,1518.5714285714287
个人洗护,身体清洁,磨砂/浴盐,39568,5652.571428571428
家居日用,家装软饰,十字绣,2349,335.57142857142856
服饰鞋包,内衣/家居服,睡袍/浴袍,12587,1798.142857142857
服饰鞋包,女鞋,一次性拖鞋,24593,3513.285714285714
厨具餐具,烹饪锅具,奶锅,5117,731.0
学习/办公用品,美术画材,画板/画架,12837,1833.857142857143
电脑数码,数码配件,读卡器,34738,4962.571428571428
母婴用品,奶粉,孕妈奶粉,2064,294.85714285714283
美容护肤,眼部护理,眼部精华,131,18.714285714285715
母婴用品,洗护清洁,奶瓶果蔬清洗液,5664,809.1428571428571
运动户外,运动鞋服,运动裙装,55,7.857142857142857
玩具乐器,儿童玩具/毛绒/减压,模型玩具,64621,9231.57142857143
宠物生活,宠物玩具,猫玩具,30424,4346.285714285715
个人洗护,旅行套装,洗漱旅行便携装,75978,10854.0
母婴用品,营养辅食零食,宝宝米粉/米糊,23532,3361.714285714286
母婴用品,喂养用品,其他喂养用品,9771,1395.857142857143
电脑数码,电子教育,学生平板,2826,403.7142857142857
电脑数码,数码配件,电池/充电器,360933,51561.857142857145
服饰鞋包,女装,女士马甲,885,126.42857142857143
服饰鞋包,男鞋,男士雨鞋,32965,4709.285714285715
宠物生活,异宠食品/用品,鸟宠食品,16881,2411.5714285714284
母婴用品,奶粉,特殊配方奶粉,39183,5597.571428571428
运动户外,体育用品,球拍/球杆,61425,8775.0
家用电器,厨房电器,电陶炉,998,142.57142857142858
宠物生活,宠物兽药,处方兽药,33489,4784.142857142857
家用电器,大家电,大家电配件,89098,12728.285714285714
家用电器,生活电器,桌面风扇,249601,35657.28571428572
彩妆香水,男士彩妆,男士眼影,4,0.5714285714285714
学习/办公用品,学习用品,修正液,5087,726.7142857142857
运动户外,运动护具,其他,40,5.714285714285714
电脑数码,摄影摄像,摄像机,613,87.57142857142857
家用电器,生活电器,除螨仪,1917,273.85714285714283
珠宝首饰,其他珠宝首饰,珠宝服务,1012,144.57142857142858
家居日用,清洁工具,脸盆/水桶,204308,29186.85714285714
彩妆香水,眼部彩妆,睫毛膏/睫毛增长液,16520,2360.0
宠物生活,水族食品/用品,水族照明设备,1499,214.14285714285714
母婴用品,日常护理,婴儿吸鼻器,8448,1206.857142857143
电脑数码,数码配件,相机包,1371,195.85714285714286
母婴用品,童装童鞋,儿童羽绒服,92,13.142857142857142
厨具餐具,餐具,盘子/碟子,44589,6369.857142857143
母婴用品,洗护清洁,护臀膏,6258,894.0
电脑数码,电脑硬件,刻录机/光驱,3677,525.2857142857143
手机通讯,手机配件,其他,898,128.28571428571428
厨具餐具,餐具,一次性餐具,299940,42848.57142857143
母婴用品,孕产妇专用,产后塑身用品,7050,1007.1428571428571
母婴用品,营养辅食零食,宝宝海苔/肉松,4650,664.2857142857143
家用电器,厨房电器,豆浆机,2499,357.0
厨具餐具,水具/酒具,水具配件,4260,608.5714285714286
母婴用品,洗护清洁,婴儿皂,510,72.85714285714286
母婴用品,家居出行,婴童枕头,4765,680.7142857142857
服饰鞋包,服饰配饰,其他配饰,324225,46317.857142857145
运动户外,垂钓用品,鱼线,24035,3433.5714285714284
家装建材,灯饰照明,吸顶灯/吊灯,17210,2458.5714285714284
学习/办公用品,美术画材,绘画颜料,39185,5597.857142857143
家用电器,个护电器,脱毛器,5334,762.0
家纺布艺,床上用品,床单/床笠,86840,12405.714285714286
母婴用品,喂养用品,儿童水杯/水壶,25428,3632.5714285714284
厨具餐具,水具/酒具,杯具套装,2467,352.42857142857144
家用电器,大家电,洗鞋机,125,17.857142857142858
家用电器,个护电器,冲牙器,9530,1361.4285714285713
母婴用品,日常护理,儿童棉签/棉棒,6737,962.4285714285714
手机通讯,手机配件,直插充电器,654174,93453.42857142857
学习/办公用品,办公用品/服务,图钉/回形针/大头针,45088,6441.142857142857
成人用品,男用器具,倒模,168,24.0
彩妆香水,美妆工具/服务,睫毛夹,16178,2311.1428571428573
服饰鞋包,男鞋,男士休闲鞋,177560,25365.714285714286
学习/办公用品,办公收纳用品,板夹,7272,1038.857142857143
家装建材,灯饰照明,荧光灯,5212,744.5714285714286
电脑数码,电脑整机,笔记本,50876,7268.0
电脑数码,外设产品,鼠标,120807,17258.14285714286
运动户外,运动鞋服,运动内衣,7997,1142.4285714285713
家用电器,个护电器,腹部按摩器,97,13.857142857142858
服饰鞋包,女装,女士裙装,258870,36981.42857142857
服饰鞋包,服饰配饰,领带/领结,30056,4293.714285714285
家装建材,家装材料,壁纸/壁布,20157,2879.5714285714284
母婴用品,童装童鞋,其他童装童鞋,3026,432.2857142857143
家装建材,家装材料,其他家装材料,143893,20556.14285714286
厨具餐具,厨用工具/配件,一次性厨房用品,273854,39122.0
家装建材,灯饰照明,应急灯,3486,498.0
运动户外,健身训练,健身服饰,235,33.57142857142857
电脑数码,电脑硬件,显示器,9712,1387.4285714285713
学习/办公用品,办公用品/服务,其他办公用品,90673,12953.285714285714
宠物生活,猫狗出行,航空箱/便携包,55552,7936.0
学习/办公用品,学习用品,书立,4866,695.1428571428571
美容护肤,眼部护理,眼部护理套装,254,36.285714285714285
家用电器,厨房电器,电炖锅,2494,356.2857142857143
厨具餐具,茶具/咖啡具,茶具配件,16177,2311.0
家庭清洁,家用芳香剂/驱虫,驱蚊杀虫,704768,100681.14285714286
学习/办公用品,书写工具,荧光笔,11739,1677.0
珠宝首饰,钻石/珠宝玉石,玉石,1840,262.85714285714283
成人用品,情趣内衣,情趣丝袜,2848,406.85714285714283
家居日用,家装软饰,相框/照片墙,18537,2648.1428571428573
服饰鞋包,女装,女士棉衣/棉服,1399,199.85714285714286
美容护肤,面部护理,洁面,192178,27454.0
电脑数码,摄影摄像,运动相机,5399,771.2857142857143
服饰鞋包,女装,女士牛仔裤,70793,10113.285714285714
彩妆香水,面部彩妆,蜜粉/散粉,43336,6190.857142857143
家用电器,厨房电器,电动绞肉机,22134,3162.0
美容护肤,防晒,防晒霜/乳/喷雾,90555,12936.42857142857
家用电器,厨房电器,电火锅,89277,12753.857142857143
服饰鞋包,男装,男士Polo衫,5566,795.1428571428571
母婴用品,营养辅食零食,宝宝面条/面片,10745,1535.0
宠物生活,宠物服务,宠物美容,2071,295.85714285714283
家装建材,厨房卫浴,智能坐便器,43,6.142857142857143
母婴用品,童装童鞋,儿童皮鞋,8315,1187.857142857143
家用电器,生活电器,冷风扇,11639,1662.7142857142858
家居日用,收纳整理,其他收纳用品,15898,2271.1428571428573
家用电器,生活电器,毛球修剪器,3620,517.1428571428571
母婴用品,童装童鞋,婴童毛衣/针织衫,110,15.714285714285714
运动户外,运动鞋服,运动休闲鞋,607,86.71428571428571
个人洗护,男士洗护,其他,8,1.1428571428571428
家用电器,厨卫大电,消毒柜,1115,159.28571428571428
个人洗护,美发护发,头皮护理,56,8.0
母婴用品,营养辅食零食,母婴益生菌,2630,375.7142857142857
家居日用,清洁工具,拖把,127859,18265.571428571428
家庭清洁,衣物护理,留香珠,4165,595.0
彩妆香水,男士彩妆,男士素颜霜,6622,946.0
运动户外,运动鞋服,运动裤,7452,1064.5714285714287
厨具餐具,水具/酒具,水壶/保温壶,27171,3881.5714285714284
服饰鞋包,内衣/家居服,睡衣上装,228,32.57142857142857
个人洗护,男士护理,剃须刀/刀头,111945,15992.142857142857
服饰鞋包,女装,女士风衣/大衣,1911,273.0
电脑数码,办公耗材,复印纸,60385,8626.42857142857
家纺布艺,床上用品,一次性床品套件,236418,33774.0
电脑数码,外设产品,键盘,39480,5640.0
母婴用品,洗护清洁,其他宝宝洗浴护肤用品,6906,986.5714285714286
电脑数码,智能设备,无人机,4760,680.0
厨具餐具,刀剪菜板,瓜果刀,57970,8281.42857142857
宠物生活,猫狗主粮,猫干粮,156924,22417.714285714286
厨具餐具,水具/酒具,焖烧杯,1316,188.0
彩妆香水,眼部彩妆,眼影,33598,4799.714285714285
学习/办公用品,办公用品/服务,胶水/胶棒,140171,20024.428571428572
母婴用品,日常护理,儿童退热贴,4762,680.2857142857143
宠物生活,猫狗日用,猫狗沙发/柜,13,1.8571428571428572
运动户外,游泳用品,泳帽,31501,4500.142857142857
家庭清洁,家居清洁,洗洁精,91235,13033.57142857143
家纺布艺,居家布艺,坐垫/椅垫/沙发垫,42012,6001.714285714285
厨具餐具,烹饪锅具,平底/煎锅,13013,1859.0
运动户外,滑雪运动,滑雪板,510,72.85714285714286
家居日用,收纳整理,收纳箱盒/收纳篮,324196,46313.71428571428
运动户外,运动鞋服,运动T恤/速干T恤,6874,982.0
母婴用品,日常护理,婴儿湿巾/纸巾,110342,15763.142857142857
电脑数码,电脑硬件,声卡/扩展卡,3344,477.7142857142857
节庆礼品,礼品,其他礼品,49894,7127.714285714285
珠宝首饰,钻石/珠宝玉石,珍珠,11895,1699.2857142857142
家居日用,生活日用,非医用口罩,76410,10915.714285714286
电脑数码,影音娱乐,音频设备,1882,268.85714285714283
美容护肤,唇部护理,唇膜,2578,368.2857142857143
家装建材,电工电料,开关插座,80768,11538.285714285714
服饰鞋包,男装,男士羽绒服,1180,168.57142857142858
母婴用品,家居出行,婴童床品套装,76,10.857142857142858
电脑数码,电动车/平衡车,老年代步车,13,1.8571428571428572
服饰鞋包,女装,女士裤装,106177,15168.142857142857
运动户外,户外装备,攀岩装备,2069,295.57142857142856
个人洗护,身体护理,花露水,148848,21264.0
节庆礼品,礼品,火机烟具,214668,30666.85714285714
电脑数码,摄影摄像,相机纸,91001,13000.142857142857
宠物生活,水族食品/用品,增氧设备,18997,2713.8571428571427
电脑数码,电子教育,电子词典,82,11.714285714285714
个人洗护,口腔护理,牙刷,124801,17828.714285714286
厨具餐具,厨用工具/配件,保鲜盒,30671,4381.571428571428
学习/办公用品,学习用品,文具盒,1948,278.2857142857143
厨具餐具,厨用工具/配件,调料瓶罐器皿,26371,3767.285714285714
运动户外,垂钓用品,浮漂,11629,1661.2857142857142
家居日用,生活日用,洗晒熨烫,52739,7534.142857142857
个人洗护,成人护理,成人纸尿裤（非械字号）,20071,2867.285714285714
母婴用品,奶粉,儿童牛奶粉,10160,1451.4285714285713
彩妆香水,美妆工具/服务,棉签/棉棒,13504,1929.142857142857
电脑数码,电脑硬件,散热器,35398,5056.857142857143
母婴用品,童装童鞋,学步鞋/步前鞋,2332,333.14285714285717
家居日用,收纳整理,洗衣袋,9027,1289.5714285714287
运动户外,户外装备,户外仪表,1195,170.71428571428572
母婴用品,家居出行,其他婴童家具/寝具,1965,280.7142857142857
宠物生活,宠物活体,水族活体,57717,8245.285714285714
家居日用,清洁工具,清洁刷,62397,8913.857142857143
家装建材,家具,桌类,91645,13092.142857142857
宠物生活,水族食品/用品,其他水族饲料/食品,6498,928.2857142857143
家用电器,个护电器,臀部/腿部按摩器,23,3.2857142857142856
服饰鞋包,内衣/家居服,文胸,60348,8621.142857142857
电脑数码,智能设备,其他智能设备,996,142.28571428571428
电脑数码,办公设备,碎纸机,439,62.714285714285715
家居日用,家装软饰,桌布,46372,6624.571428571428
学习/办公用品,办公收纳用品,名片本,97,13.857142857142858
母婴用品,喂养用品,牙胶安抚,34895,4985.0
宠物生活,异宠食品/用品,兔宠食品,13570,1938.5714285714287
运动户外,棋牌麻将,筹码,14718,2102.5714285714284
母婴用品,童装童鞋,儿童亲子装,293,41.857142857142854
家用电器,生活电器,其他电暖气,490,70.0
服饰鞋包,服饰配饰,鞋/皮带配件,119183,17026.14285714286
电脑数码,外设产品,鼠标垫,32095,4585.0
学习/办公用品,美术画材,毛笔,9000,1285.7142857142858
学习/办公用品,办公用品/服务,印章,9126,1303.7142857142858
宠物生活,宠物鲜食,狗辅餐鲜食,3211,458.7142857142857
彩妆香水,美妆工具/服务,美妆服务,266,38.0
家装建材,厨房卫浴,其他,4,0.5714285714285714
个人洗护,女士护理,裤型卫生巾,500702,71528.85714285714
电脑数码,办公设备,打印机,21335,3047.8571428571427
家居日用,清洁工具,抹布/百洁布/钢丝球,59935,8562.142857142857
学习/办公用品,美术画材,水粉/油画笔,5653,807.5714285714286
家用电器,厨房电器,电饼铛,3385,483.57142857142856
个人洗护,口腔护理,假牙清洁,809,115.57142857142857
家用电器,个护电器,蒸脸仪,204,29.142857142857142
服饰鞋包,女鞋,其他,55464,7923.428571428572
宠物生活,猫狗出行,猫狗鞋服,21201,3028.714285714286
运动户外,棋牌麻将,骰子/色子,26004,3714.8571428571427
母婴用品,家居出行,儿童椅,889,127.0
手机通讯,手机配件,手机防水袋,23399,3342.714285714286
家居日用,生活日用,家用温度计/湿度计,6314,902.0
彩妆香水,美妆工具/服务,其他美妆工具,316489,45212.71428571428
珠宝首饰,其他珠宝首饰,饰品配件,33411,4773.0
母婴用品,童装童鞋,儿童衬衫,3506,500.85714285714283
家用电器,厨房电器,微波炉,8068,1152.5714285714287
厨具餐具,烹饪锅具,砂锅,31701,4528.714285714285
运动户外,户外鞋服,其他户外鞋,262,37.42857142857143
珠宝首饰,黄金（新）,金条/金豆/金砖类,78,11.142857142857142
母婴用品,孕产妇专用,孕产妇洗护用品,6469,924.1428571428571
电脑数码,电脑硬件,主板,518,74.0
家用电器,厨房电器,三明治机/早餐机,365,52.142857142857146
学习/办公用品,办公收纳用品,文件袋/档案袋,40890,5841.428571428572
成人用品,情趣玩具,其他玩具用品,2442,348.85714285714283
学习/办公用品,书写工具,替芯,9139,1305.5714285714287
宠物生活,水族食品/用品,其他水族用品,2761,394.42857142857144
厨具餐具,厨用工具/配件,其他厨房用具,175869,25124.14285714286
厨具餐具,茶具/咖啡具,咖啡具套装,1106,158.0
运动户外,体育用品,球类,97460,13922.857142857143
电脑数码,网络设备,路由器,48177,6882.428571428572
学习/办公用品,办公用品/服务,夹子,37375,5339.285714285715
运动户外,运动鞋服,训练鞋,182,26.0
个人洗护,女士护理,其他,3,0.42857142857142855
母婴用品,童装童鞋,其他,0,0.0
宠物生活,猫狗日用,猫砂,242338,34619.71428571428
厨具餐具,烹饪锅具,高压锅,10096,1442.2857142857142
彩妆香水,香水,香水套装,452,64.57142857142857
宠物生活,宠物营养保健,综合营养,106095,15156.42857142857
家用电器,个护电器,理发器,18542,2648.8571428571427
宠物生活,宠物服务,宠物医疗服务,797,113.85714285714286
学习/办公用品,办公用品/服务,计算器,22748,3249.714285714286
家用电器,生活电器,饮水机,12598,1799.7142857142858
服饰鞋包,男鞋,其他男鞋,3082,440.2857142857143
家用电器,个护电器,按摩椅,51,7.285714285714286
母婴用品,洗护清洁,宝宝洗衣皂/洗衣粉,2314,330.57142857142856
家庭清洁,衣物护理,鞋类保养品,30601,4371.571428571428
玩具乐器,儿童玩具/毛绒/减压,绘画/DIY/串珠玩具,186508,26644.0
宠物生活,水族食品/用品,清洁检测用品,6464,923.4285714285714
家用电器,生活电器,洗地机,1393,199.0
电脑数码,办公设备,会议音频视频,7,1.0
母婴用品,洗护清洁,宝宝毛巾/浴巾/浴棉,8488,1212.5714285714287
学习/办公用品,美术画材,蜡笔/油画棒,6599,942.7142857142857
母婴用品,孕产妇专用,孕产妇文胸,1963,280.42857142857144
个人洗护,身体清洁,沐浴露,156324,22332.0
家居日用,家装软饰,装饰字画,1033,147.57142857142858
珠宝首饰,黄金（新）,其他黄金配饰,132,18.857142857142858
运动户外,运动鞋服,乒乓球鞋,156,22.285714285714285
家装建材,厨房卫浴,厨卫配件,260010,37144.28571428572
电脑数码,外设产品,手写板,1470,210.0
母婴用品,日常护理,其他,1,0.14285714285714285
厨具餐具,水具/酒具,一次性杯子,110785,15826.42857142857
宠物生活,水族食品/用品,海水用品,347,49.57142857142857
玩具乐器,儿童玩具/毛绒/减压,毛绒玩具,148024,21146.285714285714
运动户外,户外鞋服,抓绒衣,408,58.285714285714285
家庭清洁,纸品湿巾,抽纸,371688,53098.28571428572
家纺布艺,居家布艺,抱枕靠垫,63632,9090.285714285714
运动户外,运动护具,护具,35405,5057.857142857143
运动户外,运动鞋服,足球鞋,6174,882.0
电脑数码,影音娱乐,蓝牙/无线耳机,281576,40225.142857142855
家纺布艺,床上用品,被子,242604,34657.71428571428
手机通讯,二手通讯,二手手机,15574,2224.8571428571427
运动户外,棋牌麻将,国际象棋,1182,168.85714285714286
家用电器,厨房电器,电动榨汁机/原汁机,22500,3214.285714285714
成人用品,情趣内衣,情趣套装,5741,820.1428571428571
学习/办公用品,财会用品,单据/收据,22456,3208.0
服饰鞋包,男装,男士T恤,137289,19612.714285714286
玩具乐器,潮玩/盲盒/卡牌,盲盒,120804,17257.714285714286
手机通讯,手机配件,无线充电器,8723,1246.142857142857
母婴用品,家居出行,爬行垫/坐垫,23216,3316.5714285714284
电脑数码,电动车/平衡车,电动三轮车,72,10.285714285714286
厨具餐具,茶具/咖啡具,茶杯,21480,3068.5714285714284
宠物生活,猫狗出行,其他猫狗外出用品,3652,521.7142857142857
宠物生活,猫狗主粮,猫湿粮,3674,524.8571428571429
母婴用品,奶粉,儿童羊奶粉,144,20.571428571428573
玩具乐器,儿童玩具/毛绒/减压,儿童乐器玩具,4704,672.0
学习/办公用品,办公用品/服务,打孔器,6986,998.0
电脑数码,电动车/平衡车,电动车零配件,4949,707.0
美容护肤,面部护理,面部乳液/面霜,99523,14217.57142857143
宠物生活,宠物活体,异宠活体,38343,5477.571428571428
家用电器,生活电器,暖脚器,32,4.571428571428571
美容护肤,眼部护理,眼部护理液/清洁液,12055,1722.142857142857
电脑数码,外设产品,移动插排,259019,37002.71428571428
宠物生活,猫狗日用,猫狗食具/水具,68597,9799.57142857143
电脑数码,办公设备,条形码扫描器,4498,642.5714285714286
电脑数码,外设产品,摄像头,14064,2009.142857142857
家用电器,生活电器,扫地机器人,2544,363.42857142857144
厨具餐具,烹饪锅具,炒锅,34821,4974.428571428572
运动户外,瑜伽舞蹈,舞蹈鞋,24865,3552.1428571428573
家居日用,家装软饰,壁饰,31,4.428571428571429
电脑数码,电脑硬件,其他,2,0.2857142857142857
宠物生活,猫狗日用,猫狗窝/笼/围栏,112633,16090.42857142857
家用电器,个护电器,生发梳,1,0.14285714285714285
母婴用品,奶粉,婴幼儿羊奶粉,10587,1512.4285714285713
厨具餐具,餐具,果盘/果篮,16949,2421.285714285714
运动户外,滑雪运动,其他滑雪用具,1576,225.14285714285714
运动户外,骑行用品,其他骑行用品,106357,15193.857142857143
服饰鞋包,男鞋,男士皮鞋,55038,7862.571428571428
厨具餐具,水具/酒具,玻璃杯,119739,17105.571428571428
电脑数码,电脑硬件,内存,3496,499.42857142857144
成人用品,安全避孕,女性避孕品,257,36.714285714285715
电脑数码,数码配件,闪光灯/手柄,228,32.57142857142857
宠物生活,洗护美容,宠物护毛素,505,72.14285714285714
母婴用品,童装童鞋,儿童保暖内衣,1411,201.57142857142858
家纺布艺,家纺用品,蚊帐,45243,6463.285714285715
服饰鞋包,女装,唐装/民族服装,4744,677.7142857142857
母婴用品,童装童鞋,儿童休闲鞋,2394,342.0
运动户外,户外装备,照明设备,63583,9083.285714285714
家居日用,清洁工具,垃圾桶,57570,8224.285714285714
母婴用品,洗护清洁,宝宝浴盆,12193,1741.857142857143
家用电器,生活电器,其他生活电器,18360,2622.8571428571427
宠物生活,水族食品/用品,水草,4525,646.4285714285714
宠物生活,水族食品/用品,水草用品,1837,262.42857142857144
服饰鞋包,女鞋,女士拖鞋,410854,58693.42857142857
电脑数码,网络设备,网线,71867,10266.714285714286
母婴用品,孕产妇专用,妈咪包,1185,169.28571428571428
厨具餐具,刀剪菜板,刀具套装,8602,1228.857142857143
运动户外,滑雪运动,滑雪头盔,12,1.7142857142857142
家用电器,生活电器,吸尘器,9899,1414.142857142857
宠物生活,猫狗出行,猫狗配饰,8539,1219.857142857143
家用电器,生活电器,小太阳,2600,371.42857142857144
家庭清洁,纸品湿巾,平板纸/方纸,1394,199.14285714285714
家纺布艺,居家布艺,毛毯/绒毯,44276,6325.142857142857
成人用品,情趣玩具,SM套装,209,29.857142857142858
宠物生活,医疗保健,宠物兽药（旧）,28,4.0
母婴用品,家居出行,安全座椅配件,80,11.428571428571429
服饰鞋包,女装,女士T恤,113471,16210.142857142857
珠宝首饰,黄金（新）,黄金手镯,114,16.285714285714285
家纺布艺,床上用品,被罩,17061,2437.285714285714
家用电器,生活电器,干衣机,1075,153.57142857142858
家居日用,收纳整理,收纳袋/密封袋,417993,59713.28571428572
家用电器,厨卫大电,灶具,5648,806.8571428571429
宠物生活,宠物活体,狗狗活体,713,101.85714285714286
家装建材,厨房卫浴,智能马桶盖,21,3.0
宠物生活,洗护美容,宠物沐浴液,26368,3766.8571428571427
电脑数码,游戏设备,游戏设备配件,542,77.42857142857143
手机通讯,运营商,合约机,1,0.14285714285714285
服饰鞋包,男鞋,男士凉鞋,28017,4002.4285714285716
家庭清洁,衣物护理,洗衣片/泡泡纸,2549,364.14285714285717
电脑数码,智能穿戴,VR眼镜,357,51.0
学习/办公用品,书写工具,圆珠笔,9406,1343.7142857142858
家纺布艺,居家布艺,地垫/地毯,49274,7039.142857142857
服饰鞋包,男装,男士西服上装,15189,2169.8571428571427
学习/办公用品,办公用品/服务,装订用品,36637,5233.857142857143
运动户外,游泳用品,男士泳衣,65747,9392.42857142857
母婴用品,童装童鞋,儿童运动鞋,35333,5047.571428571428
家庭清洁,纸品湿巾,厨房纸/厨房湿巾,14120,2017.142857142857
宠物生活,水族食品/用品,造景装饰,17483,2497.5714285714284
家用电器,厨房电器,料理机,1,0.14285714285714285
家用电器,个护电器,黑头仪,445,63.57142857142857
家装建材,厨房卫浴,排气扇/换气设备,3235,462.14285714285717
母婴用品,孕产妇专用,防溢乳垫,3982,568.8571428571429
成人用品,情趣内衣,其他,3881,554.4285714285714
电脑数码,外设产品,移动硬盘,8255,1179.2857142857142
服饰鞋包,男装,男士套装,14779,2111.285714285714
运动户外,运动鞋服,跑步鞋,8855,1265.0
美容护肤,男士护肤,男士眼霜/眼部精华,8,1.1428571428571428
家纺布艺,家纺用品,其他家纺用品,3639,519.8571428571429
宠物生活,水族食品/用品,过滤器/水泵,15595,2227.8571428571427
服饰鞋包,服饰配饰,服饰配件,72568,10366.857142857143
家居日用,生活日用,非医用眼罩,59531,8504.42857142857
彩妆香水,其他彩妆,指甲油,43959,6279.857142857143
厨具餐具,茶具/咖啡具,茶盘茶托,10448,1492.5714285714287
母婴用品,喂养用品,奶瓶/奶嘴,76786,10969.42857142857
厨具餐具,餐具,刀叉,6202,886.0
母婴用品,家居出行,汽车儿童座椅增高垫,1,0.14285714285714285
家装建材,家具,储物架/柜,192,27.428571428571427
个人洗护,美发护发,发膜,19870,2838.5714285714284
美容护肤,面部护理,鼻贴,8891,1270.142857142857
个人洗护,身体护理,脱毛膏/脱毛蜡纸,63131,9018.714285714286
母婴用品,童装童鞋,儿童卫衣,366,52.285714285714285
运动户外,运动鞋服,羽毛球鞋,1276,182.28571428571428
母婴用品,家居出行,儿童滑板车,2710,387.14285714285717
母婴用品,日常护理,婴儿喂药器,9302,1328.857142857143
宠物生活,宠物兽药,非处方驱虫药,50868,7266.857142857143
运动户外,户外鞋服,溯溪鞋,3958,565.4285714285714
家居日用,家装软饰,其他家装软饰,77,11.0
服饰鞋包,女鞋,女士皮鞋,66123,9446.142857142857
学习/办公用品,美术画材,画纸/素描本,35951,5135.857142857143
学习/办公用品,学习用品,修正带,26169,3738.4285714285716
服饰鞋包,女鞋,女士帆布鞋,9158,1308.2857142857142
母婴用品,童装童鞋,儿童凉鞋,9700,1385.7142857142858
手机通讯,手机服务,手机产品服务,2288,326.85714285714283
彩妆香水,其他彩妆,彩妆套装,740,105.71428571428571
家用电器,大家电,移动空调,496,70.85714285714286
服饰鞋包,女鞋,女士凉鞋,121412,17344.571428571428
学习/办公用品,办公用品/服务,剪刀,56775,8110.714285714285
家用电器,生活电器,手持风扇,28010,4001.4285714285716
服饰鞋包,服饰配饰,围巾/丝巾/披肩,25120,3588.5714285714284
母婴用品,童装童鞋,婴儿礼盒,5074,724.8571428571429
母婴用品,童装童鞋,儿童斗篷/披风,478,68.28571428571429
电脑数码,办公耗材,色带,1357,193.85714285714286
家用电器,厨房电器,咖啡机,1968,281.14285714285717
玩具乐器,儿童玩具/毛绒/减压,戏水玩具,22442,3206.0
手机通讯,手机配件,手机散热器,26559,3794.1428571428573
宠物生活,猫狗出行,训练器/止吠器,4960,708.5714285714286
个人洗护,身体护理,走珠/止汗露,37757,5393.857142857143
厨具餐具,餐具,勺子,39563,5651.857142857143
学习/办公用品,纸张本册,便签贴,61475,8782.142857142857
母婴用品,营养辅食零食,DHA,505,72.14285714285714
母婴用品,童装童鞋,儿童配饰,39080,5582.857142857143
家装建材,五金用品,电子锁,5168,738.2857142857143
宠物生活,宠物营养保健,护肤美毛,4042,577.4285714285714
珠宝首饰,钻石/珠宝玉石,翡翠,56,8.0
家用电器,厨房电器,电动打蛋器,14036,2005.142857142857
宠物生活,医疗保健,宠物口/耳/眼清洁,111,15.857142857142858
服饰鞋包,箱包皮具,其他箱包皮具,969,138.42857142857142
运动户外,游泳用品,游泳圈,17901,2557.285714285714
母婴用品,洗护清洁,宝宝身体乳/润肤乳,19519,2788.4285714285716
母婴用品,营养辅食零食,现制母婴食品,15,2.142857142857143
家用电器,生活电器,电油汀,88,12.571428571428571
成人用品,女用器具,其他,2,0.2857142857142857
成人用品,女用器具,跳蛋,4287,612.4285714285714
珠宝首饰,其他珠宝首饰,其他珠宝首饰类,250,35.714285714285715
美容护肤,男士护肤,男士爽肤水/化妆水,943,134.71428571428572
运动户外,户外鞋服,软壳衣裤,127,18.142857142857142
宠物生活,宠物兽药,非处方皮肤药,9218,1316.857142857143
母婴用品,家居出行,婴童床围,1453,207.57142857142858
电脑数码,电脑硬件,CPU,334,47.714285714285715
电脑数码,摄影摄像,单反相机,232,33.142857142857146
学习/办公用品,书写工具,记号笔,71158,10165.42857142857
珠宝首饰,黄金（新）,黄金戒指,931,133.0
宠物生活,宠物服务,宠物寄养/喂养,642,91.71428571428571
玩具乐器,儿童玩具/毛绒/减压,积木拼插,109702,15671.714285714286
家庭清洁,衣物护理,柔顺剂,19317,2759.5714285714284
电脑数码,外设产品,键鼠套装,13672,1953.142857142857
玩具乐器,潮玩/盲盒/卡牌,桌游/收藏卡牌,41615,5945.0
家居日用,家装软饰,装饰钟表,12051,1721.5714285714287
家装建材,五金用品,家用五金工具,403554,57650.57142857143
家用电器,生活电器,茶吧机,1858,265.42857142857144
个人洗护,男士护理,其他,40,5.714285714285714
个人洗护,身体护理,护足霜/足膜,3383,483.2857142857143
母婴用品,洗护清洁,宝宝防晒霜,6731,961.5714285714286
家用电器,厨房电器,破壁机,9592,1370.2857142857142
电脑数码,电子教育,早教机,396,56.57142857142857
运动户外,游泳用品,其他游泳用品,41943,5991.857142857143
母婴用品,安全防护,防撞条/角,10594,1513.4285714285713
母婴用品,洗护清洁,宝宝护手霜,120,17.142857142857142
宠物生活,宠物零食,猫零食,134168,19166.85714285714
电脑数码,办公耗材,刻录盘,7711,1101.5714285714287
学习/办公用品,书写工具,钢笔,14636,2090.8571428571427
运动户外,垂钓用品,鱼饵,63540,9077.142857142857
彩妆香水,美妆工具/服务,穿戴甲,61246,8749.42857142857
彩妆香水,香水,其他,41110,5872.857142857143
母婴用品,洗护清洁,宝宝洗衣液,4970,710.0
母婴用品,家居出行,婴童凉席,1534,219.14285714285714
珠宝首饰,黄金（新）,黄金手链/脚链,4,0.5714285714285714
服饰鞋包,男装,男士休闲裤,117851,16835.85714285714
家庭清洁,家居清洁,卫浴清洁剂,43845,6263.571428571428
服饰鞋包,服饰配饰,眼镜盒/眼镜框架,90072,12867.42857142857
家居日用,清洁工具,马桶吸/刷,95842,13691.714285714286
个人洗护,成人护理,纸尿片（非械字号）,85,12.142857142857142
手机通讯,手机/对讲机,对讲机,3616,516.5714285714286
个人洗护,美发护发,护发精油/弹力素,27470,3924.285714285714
家用电器,厨房电器,饭菜保温板,94,13.428571428571429
运动户外,户外装备,登山包,2777,396.7142857142857
母婴用品,安全防护,儿童安全锁,5069,724.1428571428571
宠物生活,猫狗主粮,其他,275565,39366.42857142857
家装建材,电工电料,其他电工电料,104981,14997.285714285714
家用电器,厨房电器,果蔬清洗机,32,4.571428571428571
服饰鞋包,男装,男士西服套装,6325,903.5714285714286
学习/办公用品,办公用品/服务,办公服务,126022,18003.14285714286
运动户外,户外装备,户外背包,45471,6495.857142857143
学习/办公用品,办公用品/服务,胶带,234557,33508.142857142855
手机通讯,手机配件,手机拍照配件,36128,5161.142857142857
家用电器,厨卫大电,电热水器,1493,213.28571428571428
母婴用品,营养辅食零食,婴幼儿食用油,3055,436.42857142857144
家用电器,个护电器,其他个护电器,1178,168.28571428571428
美容护肤,男士护肤,男士面部精华,161,23.0
母婴用品,安全防护,其他,1,0.14285714285714285
美容护肤,面部护理,面部精华液/露,21107,3015.285714285714
宠物生活,宠物兽药,其他宠物非处方药,4142,591.7142857142857
电脑数码,摄影摄像,影棚摄影器材,28439,4062.714285714286
服饰鞋包,男鞋,男士靴子,2883,411.85714285714283
成人用品,润滑/延时,延时液,6098,871.1428571428571
手机通讯,手机配件,移动电源,306398,43771.142857142855
运动户外,游泳用品,泳镜,38544,5506.285714285715
玩具乐器,儿童玩具/毛绒/减压,创意减压,1102,157.42857142857142
彩妆香水,美妆工具/服务,假睫毛及工具,156288,22326.85714285714
母婴用品,营养辅食零食,其他营养辅食,9245,1320.7142857142858
彩妆香水,唇部彩妆,唇膏/口红,103100,14728.57142857143
家居日用,家装软饰,居家镜子,17093,2441.8571428571427
家装建材,灯饰照明,筒灯/射灯,6070,867.1428571428571
电脑数码,办公设备,白板及配件,42266,6038.0
家居日用,收纳整理,收纳架/收纳柜,50111,7158.714285714285
家用电器,个护电器,电吹风,85950,12278.57142857143
电脑数码,电子教育,录音笔,8324,1189.142857142857
运动户外,健身训练,哑铃,8911,1273.0
珠宝首饰,贵金属类,铂金,19,2.7142857142857144
服饰鞋包,男装,男士衬衫,105100,15014.285714285714
服饰鞋包,内衣/家居服,吊袜带,13,1.8571428571428572
彩妆香水,美妆工具/服务,美妆蛋/粉扑,55361,7908.714285714285
运动户外,棋牌麻将,中国象棋,7799,1114.142857142857
母婴用品,童装童鞋,儿童护脐带/肚兜,2221,317.2857142857143
服饰鞋包,女装,其他女装,765,109.28571428571429
家装建材,灯饰照明,其他,12994,1856.2857142857142
厨具餐具,水具/酒具,净水/滤水,760,108.57142857142857
成人用品,检测试纸,其他,21,3.0
电脑数码,外设产品,数码清洁用品,15696,2242.285714285714
母婴用品,营养辅食零食,宝宝磨牙饼干,6782,968.8571428571429
成人用品,情趣内衣,情趣文胸,1,0.14285714285714285
家装建材,家具,座椅板凳,134942,19277.428571428572
学习/办公用品,学习用品,书签,8153,1164.7142857142858
服饰鞋包,男鞋,男士帆布鞋,4274,610.5714285714286
母婴用品,童装童鞋,儿童连身衣/爬服,7938,1134.0
母婴用品,奶粉,婴幼儿牛奶粉,178965,25566.428571428572
玩具乐器,儿童玩具/毛绒/减压,变形玩具,9899,1414.142857142857
母婴用品,家居出行,婴童被子/抱被,4830,690.0
母婴用品,孕妈/婴童服务,婴童服务,196,28.0
家居日用,生活日用,缝纫针织/毛线,97261,13894.42857142857
母婴用品,洗护清洁,宝宝唇膏,2262,323.14285714285717
服饰鞋包,内衣/家居服,睡裤/家居裤,12227,1746.7142857142858
宠物生活,宠物玩具,狗玩具,12083,1726.142857142857
宠物生活,宠物活体,其他,291,41.57142857142857
彩妆香水,美妆工具/服务,美甲工具,243943,34849.0
宠物生活,猫狗日用,猫砂盆/砂铲,72947,10421.0
珠宝首饰,贵金属类,银饰,75758,10822.57142857143
母婴用品,家居出行,学步带,545,77.85714285714286
学习/办公用品,书写工具,中性笔,89840,12834.285714285714
电脑数码,电脑硬件,硬盘,4077,582.4285714285714
宠物生活,猫狗主粮,处方狗粮,1680,240.0
美容护肤,面部护理,化妆水/爽肤水,31696,4528.0
宠物生活,洗护美容,宠物美容用具,34500,4928.571428571428
家用电器,厨卫大电,油烟机,742,106.0
服饰鞋包,箱包皮具,其他,15147,2163.8571428571427
母婴用品,尿裤/尿不湿,其他,57826,8260.857142857143
电脑数码,电脑硬件,机箱,1801,257.2857142857143
家居日用,生活日用,其他生活日用,165290,23612.85714285714
运动户外,户外装备,吊床,7171,1024.4285714285713
学习/办公用品,学习用品,绘图工具,40502,5786.0
服饰鞋包,男装,其他男装,9644,1377.7142857142858
家装建材,灯饰照明,LED光源,46176,6596.571428571428
电脑数码,影音娱乐,收音/录音机,1432,204.57142857142858
服饰鞋包,女鞋,女士棉鞋,38,5.428571428571429
家纺布艺,床上用品,床品套件,156381,22340.14285714286
个人洗护,口腔护理,口气清新剂,8762,1251.7142857142858
服饰鞋包,内衣/家居服,保暖内衣套装,14327,2046.7142857142858
服饰鞋包,箱包皮具,电脑包,12436,1776.5714285714287
运动户外,瑜伽舞蹈,瑜伽吊床,2,0.2857142857142857
家装建材,厨房卫浴,水龙头,40423,5774.714285714285
家用电器,生活电器,循环扇,5114,730.5714285714286
个人洗护,身体护理,护手霜,25799,3685.5714285714284
宠物生活,宠物活体,猫咪活体,1138,162.57142857142858
个人洗护,口腔护理,牙线/牙签,64706,9243.714285714286
运动户外,户外鞋服,其他户外服饰,54,7.714285714285714
彩妆香水,美妆工具/服务,双眼皮贴/双眼皮胶,54609,7801.285714285715
家居日用,清洁工具,玻璃擦,7102,1014.5714285714286
家装建材,家具,其他家具,113157,16165.285714285714
手机通讯,手机配件,手机转换器/OTG,56262,8037.428571428572
宠物生活,猫狗主粮,处方猫粮,7104,1014.8571428571429
家用电器,生活电器,暖风机,2380,340.0
电脑数码,办公设备,扫描仪,152,21.714285714285715
服饰鞋包,内衣/家居服,女士塑身衣,6582,940.2857142857143
电脑数码,网络设备,其他,1,0.14285714285714285
服饰鞋包,箱包皮具,钱包,10127,1446.7142857142858
服饰鞋包,男装,男士棉服,2012,287.42857142857144
服饰鞋包,箱包皮具,双肩包,79315,11330.714285714286
家装建材,五金用品,测量工具,83509,11929.857142857143
学习/办公用品,办公用品/服务,保险柜/箱,2008,286.85714285714283
母婴用品,尿裤/尿不湿,纸尿裤,117506,16786.571428571428
服饰鞋包,内衣/家居服,一次性内衣/内裤,321886,45983.71428571428
服饰鞋包,箱包皮具,拉杆箱/行李箱,109159,15594.142857142857
学习/办公用品,美术画材,其他美术画材,28913,4130.428571428572
服饰鞋包,服饰配饰,手帕,1202,171.71428571428572
厨具餐具,刀剪菜板,厨用剪刀,5687,812.4285714285714
成人用品,男用器具,后庭按摩器,9,1.2857142857142858
家庭清洁,家居清洁,皮件保养品,2470,352.85714285714283
母婴用品,日常护理,儿童驱蚊用品,86030,12290.0
学习/办公用品,学习用品,教具类,89099,12728.42857142857
家庭清洁,纸品湿巾,其他,58909,8415.57142857143
家用电器,生活电器,空气净化器,3519,502.7142857142857
母婴用品,洗护清洁,儿童彩妆,1951,278.7142857142857
宠物生活,猫狗日用,猫狗脖圈/伊丽莎白圈,62625,8946.42857142857
厨具餐具,餐具,筷子,27531,3933.0
珠宝首饰,黄金（新）,黄金耳饰,11,1.5714285714285714
学习/办公用品,书写工具,铅笔,39560,5651.428571428572
美容护肤,面部护理,面部精油,2076,296.57142857142856
手机通讯,运营商,宽带,922,131.71428571428572
母婴用品,家居出行,其他出行装备,26142,3734.5714285714284
宠物生活,猫狗日用,猫狗清洁除味用品,50659,7237.0
家用电器,个护电器,颈椎按摩器,10243,1463.2857142857142
运动户外,瑜伽舞蹈,其他瑜伽/舞蹈用品,25857,3693.8571428571427
宠物生活,宠物营养保健,肠胃调理,40217,5745.285714285715
家用电器,厨房电器,养生壶,16281,2325.8571428571427
个人洗护,美发护发,洗护套装,9233,1319.0
个人洗护,口腔护理,牙膏,175000,25000.0
家用电器,生活电器,除湿机,960,137.14285714285714
母婴用品,孕妈/婴童服务,孕妈服务,188,26.857142857142858
运动户外,瑜伽舞蹈,瑜伽鞋,519,74.14285714285714
服饰鞋包,内衣/家居服,插片/胸垫,716,102.28571428571429
电脑数码,电脑整机,品牌台式机,572,81.71428571428571
家用电器,生活电器,电热毯,10549,1507.0
学习/办公用品,美术画材,彩色铅笔,5939,848.4285714285714
学习/办公用品,学习用品,书皮,3463,494.7142857142857
成人用品,情趣内衣,情趣内裤,433,61.857142857142854
美容护肤,面部护理,面部磨砂膏,3450,492.85714285714283
母婴用品,童装童鞋,儿童外套,3512,501.7142857142857
彩妆香水,美妆工具/服务,化妆棉/洗脸巾,169357,24193.85714285714
服饰鞋包,男装,男士夹克,9219,1317.0
服饰鞋包,服饰配饰,发饰,255642,36520.28571428572
电脑数码,数码配件,储存卡,38089,5441.285714285715
个人洗护,美发护发,头发定型,230091,32870.142857142855
服饰鞋包,男装,男士背心/马甲,24629,3518.4285714285716
彩妆香水,面部彩妆,腮红/胭脂,11990,1712.857142857143
个人洗护,女士护理,卫生巾/卫生棉,1020359,145765.57142857142
家用电器,厨房电器,炒菜机器人,12,1.7142857142857142
服饰鞋包,内衣/家居服,睡裙,25102,3586.0
电脑数码,智能设备,智能家居,5597,799.5714285714286
家纺布艺,毛巾浴巾,其他,636,90.85714285714286
彩妆香水,面部彩妆,定妆喷雾,20449,2921.285714285714
厨具餐具,水具/酒具,陶瓷/马克杯,15319,2188.4285714285716
母婴用品,日常护理,儿童理发器,2789,398.42857142857144
宠物生活,宠物兽药,宠物医疗器械,17697,2528.1428571428573
母婴用品,家居出行,婴童蚊帐,4290,612.8571428571429
个人洗护,男士洗护,男士洗护套装,53,7.571428571428571
家庭清洁,家用芳香剂/驱虫,空气净化,33306,4758.0
服饰鞋包,内衣/家居服,女士内裤,448617,64088.142857142855
家用电器,个护电器,卷发/直发器,71830,10261.42857142857
学习/办公用品,财会用品,账本/账册,3945,563.5714285714286
厨具餐具,烹饪锅具,蒸锅,13183,1883.2857142857142
成人用品,润滑/延时,情趣用品清洁,22945,3277.8571428571427
彩妆香水,眼部彩妆,眼线笔/眼线液,34881,4983.0
学习/办公用品,书写工具,墨水,12084,1726.2857142857142
运动户外,体育用品,其他体育用品,61545,8792.142857142857
电脑数码,游戏设备,游戏机,5540,791.4285714285714
服饰鞋包,男装,男士民族服装,131,18.714285714285715
家用电器,生活电器,无叶风扇,698,99.71428571428571
美容护肤,眼部护理,眼贴/眼膜,1314,187.71428571428572
厨具餐具,水具/酒具,塑料杯,130187,18598.14285714286
服饰鞋包,女装,女士衬衫,52554,7507.714285714285
玩具乐器,儿童玩具/毛绒/减压,玩具枪,14168,2024.0
成人用品,检测试纸,测卵试纸,812,116.0
节庆礼品,礼品,槟榔,379017,54145.28571428572
服饰鞋包,女装,女士羽绒服,697,99.57142857142857
家纺布艺,家纺用品,凉席,67686,9669.42857142857
个人洗护,口腔护理,其他口腔护理产品,10667,1523.857142857143
家用电器,生活电器,快热炉,2,0.2857142857142857
电脑数码,电动车/平衡车,电动车装备,890,127.14285714285714
家居日用,清洁工具,扫把簸箕,77272,11038.857142857143
个人洗护,美发护发,洗发水/皂,290203,41457.57142857143
成人用品,女用器具,仿真阳具,101,14.428571428571429
家装建材,厨房卫浴,淋浴花洒,51430,7347.142857142857
家用电器,个护电器,足浴盆,1651,235.85714285714286
母婴用品,童装童鞋,儿童套装,16250,2321.4285714285716
家用电器,个护电器,洁面仪,274,39.142857142857146
服饰鞋包,女装,女士针织衫/女士毛衣,4428,632.5714285714286
家装建材,灯饰照明,杀菌灯,605,86.42857142857143
学习/办公用品,美术画材,儿童填色本,2549,364.14285714285717
宠物生活,猫狗出行,牵引绳/胸背带,61241,8748.714285714286
家用电器,个护电器,电动牙刷头,2107,301.0
厨具餐具,烹饪锅具,锅具套装,542,77.42857142857143
宠物生活,猫狗日用,猫狗尿垫,51272,7324.571428571428
家用电器,大家电,酒柜,1530,218.57142857142858
家用电器,个护电器,电动鼻毛修剪器,11722,1674.5714285714287
电脑数码,智能穿戴,智能手环,22315,3187.8571428571427
家庭清洁,衣物护理,洗衣液,267632,38233.142857142855
服饰鞋包,女鞋,女士雨鞋,4489,641.2857142857143
运动户外,垂钓用品,钓鱼服饰,1469,209.85714285714286
服饰鞋包,女装,女士蕾丝衫/雪纺衫,663,94.71428571428571
家用电器,个护电器,美容仪,1425,203.57142857142858
电脑数码,办公设备,安防监控,4430,632.8571428571429
母婴用品,童装童鞋,儿童裙子,6008,858.2857142857143
家居日用,家装软饰,饰品摆件,39984,5712.0
厨具餐具,刀剪菜板,菜板,24893,3556.1428571428573
电脑数码,电脑整机,DIY台式机,23,3.2857142857142856
个人洗护,身体护理,足部护理,22629,3232.714285714286
家居日用,生活日用,热水袋,26229,3747.0
服饰鞋包,箱包皮具,商务包,6316,902.2857142857143
母婴用品,日常护理,婴童口水巾/围嘴/围兜,9240,1320.0
成人用品,情趣家具,可收纳情趣家具,7,1.0
个人洗护,男士洗护,男士护发,1,0.14285714285714285
运动户外,户外装备,睡袋,7806,1115.142857142857
家居日用,收纳整理,鞋架,14739,2105.5714285714284
电脑数码,外设产品,其他周边配件,18678,2668.285714285714
服饰鞋包,服饰配饰,袜子,420583,60083.28571428572
家庭清洁,衣物护理,漂白剂/彩漂剂,58151,8307.285714285714
学习/办公用品,办公用品/服务,印油/印泥,36339,5191.285714285715
家居日用,家装软饰,香薰,71905,10272.142857142857
电脑数码,外设产品,扩展坞,14413,2059.0
家居日用,生活日用,挂钩粘钩,73521,10503.0
运动户外,户外装备,望远镜,4918,702.5714285714286
家庭清洁,家居清洁,玻璃清洁剂,2599,371.2857142857143
母婴用品,家居出行,提篮式,41,5.857142857142857
厨具餐具,刀剪菜板,菜刀,35054,5007.714285714285
家装建材,灯饰照明,夜灯,22164,3166.285714285714
学习/办公用品,学习用品,笔袋,11750,1678.5714285714287
彩妆香水,面部彩妆,粉底液/膏,93731,13390.142857142857
电脑数码,游戏设备,游戏软件,3009,429.85714285714283
学习/办公用品,纸张本册,其他纸张本册,42344,6049.142857142857
母婴用品,童装童鞋,儿童T恤,8105,1157.857142857143
运动户外,户外鞋服,皮肤衣/防晒衣,66612,9516.0
母婴用品,洗护清洁,宝宝沐浴露,2798,399.7142857142857
玩具乐器,儿童玩具/毛绒/减压,其他玩具,188328,26904.0
家装建材,五金用品,家用五金配件,116127,16589.571428571428
学习/办公用品,办公收纳用品,其他办公收纳用品,1352,193.14285714285714
家用电器,厨房电器,空气炸锅,9126,1303.7142857142858
母婴用品,童装童鞋,婴童马甲,464,66.28571428571429
宠物生活,水族食品/用品,水族服务,24,3.4285714285714284
手机通讯,手机服务,手机延保服务,1,0.14285714285714285
彩妆香水,其他彩妆,其他彩妆用品,5922,846.0
学习/办公用品,纸张本册,字帖,8748,1249.7142857142858
服饰鞋包,女装,女士吊带/背心,106514,15216.285714285714
母婴用品,家居出行,儿童收纳箱,61,8.714285714285714
运动户外,滑雪运动,滑雪镜,1039,148.42857142857142
家用电器,大家电,其他大家电,86,12.285714285714286
彩妆香水,面部彩妆,高光/修容,29661,4237.285714285715
母婴用品,洗护清洁,宝宝衣物柔顺剂,48,6.857142857142857
家纺布艺,居家布艺,其他,2,0.2857142857142857
母婴用品,孕产妇专用,防辐射服,11,1.5714285714285714
个人洗护,身体清洁,洗手液,34739,4962.714285714285
家用电器,大家电,空调挂机/柜机,11673,1667.5714285714287
玩具乐器,儿童玩具/毛绒/减压,健身玩具/户外游乐设施,18733,2676.1428571428573
家庭清洁,家居清洁,多功能/万用清洁剂,61782,8826.0
宠物生活,异宠食品/用品,其它异宠食品,6375,910.7142857142857
运动户外,垂钓用品,其他钓鱼配件,66945,9563.57142857143
母婴用品,家居出行,餐椅,2291,327.2857142857143
母婴用品,尿裤/尿不湿,婴儿纸尿片,787,112.42857142857143
家居日用,收纳整理,其他,19,2.7142857142857144
运动户外,棋牌麻将,跳棋,1736,248.0
家居日用,清洁工具,垃圾袋,116098,16585.428571428572
母婴用品,喂养用品,奶粉盒,1504,214.85714285714286
手机通讯,手机配件,手机电池,741,105.85714285714286
电脑数码,办公设备,验钞/点钞机,1432,204.57142857142858
学习/办公用品,财会用品,凭证,2832,404.57142857142856
母婴用品,家居出行,婴儿推车,14240,2034.2857142857142
家装建材,灯饰照明,台灯,24007,3429.5714285714284
家庭清洁,衣物护理,洗衣粉,65787,9398.142857142857
母婴用品,营养辅食零食,宝宝溶豆/泡芙,3839,548.4285714285714
电脑数码,智能设备,监控摄像,19449,2778.4285714285716
家纺布艺,毛巾浴巾,一次性毛巾浴巾,148333,21190.428571428572
电脑数码,智能穿戴,智能儿童手表,19238,2748.285714285714
学习/办公用品,学习用品,橡皮,24824,3546.285714285714
电脑数码,智能穿戴,其他,1,0.14285714285714285
母婴用品,童装童鞋,儿童裤装,13685,1955.0
家居日用,收纳整理,衣帽架,901,128.71428571428572
母婴用品,童装童鞋,儿童运动上衣,82,11.714285714285714
服饰鞋包,其他,其他,167656,23950.85714285714
母婴用品,日常护理,儿童耳勺,1715,245.0
服饰鞋包,内衣/家居服,打底袜/丝袜/美腿袜,341482,48783.142857142855
彩妆香水,美妆工具/服务,吸油面纸,10729,1532.7142857142858
厨具餐具,厨用工具/配件,烧烤用品,191193,27313.285714285714
家装建材,家装材料,油漆/涂料,39396,5628.0
美容护肤,面部护理,其他面部护理,58868,8409.714285714286
运动户外,户外装备,其他户外装备,137211,19601.571428571428
手机通讯,手机配件,其他手机配件,54967,7852.428571428572
母婴用品,营养辅食零食,糖果/零食,19153,2736.1428571428573
母婴用品,营养辅食零食,宝宝果泥/肉泥,5610,801.4285714285714
宠物生活,异宠食品/用品,鼠科/刺猬食品,10570,1510.0
厨具餐具,餐具,碗类,81004,11572.0
厨具餐具,厨用工具/配件,烘焙用品,92220,13174.285714285714
宠物生活,猫狗日用,狗厕,10234,1462.0
家用电器,生活电器,塔扇,1466,209.42857142857142
彩妆香水,面部彩妆,气垫CC/CC霜,176,25.142857142857142
运动户外,棋牌麻将,军棋,947,135.28571428571428
运动户外,户外鞋服,防晒帽/面罩/口罩,1312,187.42857142857142
电脑数码,办公设备,翻页笔/激光笔,10116,1445.142857142857
运动户外,户外装备,野餐垫/防潮垫,56161,8023.0
运动户外,户外鞋服,冲锋衣裤,14776,2110.8571428571427
家用电器,生活电器,其他电风扇,7406,1058.0
家用电器,大家电,冷柜/冰吧,2837,405.2857142857143
彩妆香水,眼部彩妆,眉笔/眉粉/眉膏,55966,7995.142857142857
学习/办公用品,办公收纳用品,文件筐,2357,336.7142857142857
运动户外,户外装备,帐篷,36498,5214.0
电脑数码,电子教育,电纸书/电子书阅读器,636,90.85714285714286
彩妆香水,男士彩妆,男士散粉,58,8.285714285714286
服饰鞋包,女装,女士外套,22093,3156.1428571428573
家装建材,五金用品,安全防护用品,75712,10816.0
服饰鞋包,男装,男士卫衣,14606,2086.5714285714284
美容护肤,面部护理,面膜粉/美容粉,234,33.42857142857143
家居日用,清洁工具,围裙套袖,17988,2569.714285714286
电脑数码,摄影摄像,冲印器材,2368,338.2857142857143
家居日用,家装软饰,墙贴/装饰贴,45735,6533.571428571428
电脑数码,摄影摄像,户外摄影器材,52,7.428571428571429
宠物生活,宠物玩具,猫抓板,15685,2240.714285714286
节庆礼品,礼品,工艺礼品,38200,5457.142857142857
服饰鞋包,女鞋,高跟鞋,130791,18684.428571428572
厨具餐具,烹饪锅具,汤锅,16523,2360.4285714285716
运动户外,健身训练,跳绳,37424,5346.285714285715
家用电器,厨房电器,烤箱,2106,300.85714285714283
家居日用,生活日用,雨伞雨具,507793,72541.85714285714
母婴用品,家居出行,婴童睡袋,1587,226.71428571428572
家用电器,生活电器,台扇,8926,1275.142857142857
宠物生活,水族食品/用品,水族药剂,15552,2221.714285714286
服饰鞋包,女鞋,女士靴子,11640,1662.857142857143
母婴用品,洗护清洁,宝宝洗发水,5172,738.8571428571429
电脑数码,智能设备,智能机器人,47,6.714285714285714
母婴用品,孕产妇专用,孕产妇内裤,8846,1263.7142857142858
玩具乐器,乐器及配件,乐器配件,13302,1900.2857142857142
家居日用,清洁工具,其他清洁用品,45838,6548.285714285715
宠物生活,水族食品/用品,滤材/配件,10367,1481.0
宠物生活,异宠食品/用品,爬宠食品,187,26.714285714285715
家用电器,个护电器,体重/体脂秤,72832,10404.57142857143
家庭清洁,衣物护理,消毒液,93476,13353.714285714286
运动户外,户外鞋服,登山鞋,1985,283.57142857142856
服饰鞋包,男装,男士风衣/大衣,200,28.571428571428573
家居日用,家装软饰,沙发套,2145,306.42857142857144
个人洗护,身体护理,润体乳,68549,9792.714285714286
家装建材,灯饰照明,其他灯具,6132,876.0
家庭清洁,衣物护理,干洗剂,13251,1893.0
母婴用品,家居出行,婴童床单,11,1.5714285714285714
家装建材,电工电料,电线/电缆,16080,2297.1428571428573
学习/办公用品,学习用品,其他学习用品,55171,7881.571428571428
电脑数码,电脑硬件,显卡,2461,351.57142857142856
家庭清洁,家居清洁,家电清洁剂,49380,7054.285714285715
学习/办公用品,学习用品,卷笔刀/削笔器,10079,1439.857142857143
家居日用,生活日用,衣架/衣夹,154601,22085.85714285714
个人洗护,口腔护理,其他,6,0.8571428571428571
手机通讯,运营商,其他虚拟产品,1359,194.14285714285714
学习/办公用品,书写工具,其他,29595,4227.857142857143
宠物生活,水族食品/用品,鱼粮/饲料,27452,3921.714285714286
电脑数码,办公设备,投影配件,5160,737.1428571428571
家居日用,生活日用,浴室用品,152329,21761.285714285714
成人用品,情趣家具,大型情趣家具,1,0.14285714285714285
运动户外,游泳用品,女士泳衣,112314,16044.857142857143
家用电器,大家电,平板电视,4816,688.0
运动户外,运动鞋服,其他运动鞋,7280,1040.0
家用电器,家电服务,家电产品服务,11280,1611.4285714285713
运动户外,体育用品,球服,1694,242.0
学习/办公用品,办公收纳用品,文件夹,29842,4263.142857142857
家居日用,清洁工具,家务手套,28439,4062.714285714286
运动户外,瑜伽舞蹈,瑜伽垫/运动垫,20540,2934.285714285714
服饰鞋包,内衣/家居服,女士塑身腰封/腰夹,4535,647.8571428571429
运动户外,运动鞋服,运动外套,801,114.42857142857143
宠物生活,宠物兽药,非处方感冒消炎,14111,2015.857142857143
服饰鞋包,服饰配饰,腰带/皮带/腰链,110008,15715.42857142857
家装建材,五金用品,其他五金用品,44788,6398.285714285715
运动户外,垂钓用品,鱼线轮,1390,198.57142857142858
家用电器,生活电器,电话机,2358,336.85714285714283
服饰鞋包,男装,男士皮衣,104,14.857142857142858
家用电器,生活电器,挂脖风扇,7442,1063.142857142857
母婴用品,其他,其他,676,96.57142857142857
服饰鞋包,男鞋,男士棉鞋,46,6.571428571428571
电脑数码,数码配件,三脚架/云台,5322,760.2857142857143
家用电器,生活电器,净水器,2306,329.42857142857144
母婴用品,奶粉,婴幼儿液态奶,730,104.28571428571429
彩妆香水,美妆工具/服务,修眉刀,47692,6813.142857142857
个人洗护,成人护理,护理垫（非械字号）,28287,4041.0
美容护肤,眼部护理,眼霜,5871,838.7142857142857
家用电器,大家电,洗衣机,11558,1651.142857142857
美容护肤,面部护理,卸妆,326498,46642.57142857143
学习/办公用品,学习用品,美工刀,28437,4062.4285714285716
宠物生活,猫狗主粮,狗湿粮,484,69.14285714285714
美容护肤,面部护理,面膜,187200,26742.85714285714
宠物生活,水族食品/用品,温控器材,7261,1037.2857142857142
成人用品,情趣内衣,情趣睡衣,1578,225.42857142857142
运动户外,其他,其他,5,0.7142857142857143
电脑数码,数码家电服务,电脑数码产品服务,4119,588.4285714285714
电脑数码,电脑硬件,机箱电源,3955,565.0
家用电器,大家电,壁挂洗衣机,3,0.42857142857142855
学习/办公用品,纸张本册,折纸/剪纸,58392,8341.714285714286
成人用品,男用器具,自慰杯/飞机杯,6576,939.4285714285714
家用电器,厨卫大电,嵌入式微蒸烤,1,0.14285714285714285
彩妆香水,面部彩妆,隔离/妆前,26375,3767.8571428571427
玩具乐器,儿童玩具/毛绒/减压,仿真/过家家玩具,6131,875.8571428571429
成人用品,检测试纸,测孕试纸,22097,3156.714285714286
手机通讯,手机配件,手机支架,140906,20129.428571428572
电脑数码,电子教育,翻译机,94,13.428571428571429
家用电器,个护电器,电动牙刷,13234,1890.5714285714287
服饰鞋包,内衣/家居服,男士内裤,143046,20435.14285714286
母婴用品,童装童鞋,婴童礼服/演出服,9512,1358.857142857143
运动户外,运动鞋服,其他运动服饰,1,0.14285714285714285
节庆礼品,节庆/祭祀用品,祭祀用品,42932,6133.142857142857
宠物生活,猫狗主粮,狗干粮,50603,7229.0
母婴用品,营养辅食零食,宝宝果汁/饮品/酸奶,1502,214.57142857142858
家用电器,个护电器,洗手机,63,9.0
彩妆香水,唇部彩妆,唇彩/唇蜜/唇釉,34047,4863.857142857143
母婴用品,日常护理,其他儿童日常护理,7904,1129.142857142857
手机通讯,手机配件,手机数据线/电源线,480498,68642.57142857143
家用电器,大家电,烘干机,1266,180.85714285714286
成人用品,女用器具,缩阴球,0,0.0
家用电器,个护电器,电动剃须刀,116024,16574.85714285714
宠物生活,猫狗日用,其他猫狗日用,61444,8777.714285714286
运动户外,瑜伽舞蹈,舞蹈服,4155,593.5714285714286
电脑数码,网络设备,网卡,39067,5581.0
家用电器,个护电器,肩颈按摩器,166,23.714285714285715
个人洗护,美发护发,假发,64707,9243.857142857143
学习/办公用品,办公收纳用品,名片盒,1839,262.7142857142857
服饰鞋包,内衣/家居服,内衣套装,2326,332.2857142857143
个人洗护,身体护理,颈霜/颈膜,485,69.28571428571429
服饰鞋包,女装,女士礼服/婚纱/旗袍,14591,2084.4285714285716
厨具餐具,厨用工具/配件,厨房收纳/置物架,14419,2059.8571428571427
家用电器,个护电器,其他按摩器,10445,1492.142857142857
宠物生活,水族食品/用品,鱼缸/水族箱,31254,4464.857142857143
运动户外,运动鞋服,运动羽绒服,18,2.5714285714285716
成人用品,安全避孕,避孕套/安全套,151783,21683.285714285714
宠物生活,医疗保健,宠物保健/营养用品,242,34.57142857142857
服饰鞋包,女装,女士套装/制服,63754,9107.714285714286
成人用品,情趣内衣,情趣配饰,502,71.71428571428571
电脑数码,电动车/平衡车,电动摩托车,28,4.0
母婴用品,孕产妇专用,其他孕产妇用品,12817,1831.0
电脑数码,电脑硬件,其他装机配件,1374,196.28571428571428
母婴用品,童装童鞋,儿童发育内衣/抹胸,2979,425.57142857142856
个人洗护,口腔护理,漱口水,44058,6294.0
成人用品,润滑/延时,润滑液,20297,2899.5714285714284
彩妆香水,香水,中性香水,1604,229.14285714285714
玩具乐器,儿童玩具/毛绒/减压,电动/遥控玩具,13135,1876.4285714285713
电脑数码,摄影摄像,数码相机,9470,1352.857142857143
电脑数码,智能穿戴,智能穿戴配件,15862,2266.0
个人洗护,男士护理,其他男士护理,229,32.714285714285715
母婴用品,洗护清洁,宝宝洗发沐浴二合一,15459,2208.4285714285716
玩具乐器,其他,其他,21332,3047.4285714285716
玩具乐器,潮玩/盲盒/卡牌,潮流动漫/手办/IP周边,37572,5367.428571428572
电脑数码,电动车/平衡车,电动滑板车,482,68.85714285714286
电脑数码,电脑整机,平板电脑,39523,5646.142857142857
电脑数码,办公设备,投影机,7533,1076.142857142857
服饰鞋包,女装,女士卫衣/绒衫,41342,5906.0
个人洗护,美发护发,染发/烫发,206174,29453.428571428572
母婴用品,童装童鞋,儿童内衣裤,14774,2110.5714285714284
厨具餐具,茶具/咖啡具,咖啡杯,9763,1394.7142857142858
运动户外,运动鞋服,网球鞋,236,33.714285714285715
运动户外,骑行用品,其他,17,2.4285714285714284
宠物生活,异宠食品/用品,小宠用品,51774,7396.285714285715
电脑数码,数码配件,其他数码配件,35414,5059.142857142857
运动户外,骑行用品,穿戴装备,98963,14137.57142857143
运动户外,垂钓用品,钓箱钓椅,60944,8706.285714285714
珠宝首饰,贵金属类,K金饰品,30,4.285714285714286
电脑数码,影音娱乐,音箱/音响,76790,10970.0
家庭清洁,衣物护理,衣领净,10441,1491.5714285714287
电脑数码,网络设备,网络/电视盒子,2092,298.85714285714283
家用电器,厨房电器,电饭煲/锅,45092,6441.714285714285
服饰鞋包,男装,男士针织衫/毛衣,524,74.85714285714286
家用电器,大家电,冰箱,19755,2822.1428571428573
运动户外,户外装备,烧烤用具,48535,6933.571428571428
运动户外,瑜伽舞蹈,瑜伽服装,29699,4242.714285714285
家用电器,厨房电器,煮茶器,644,92.0
个人洗护,身体护理,纤体塑形,110,15.714285714285714
母婴用品,孕产妇专用,孕妇装/孕妇裙,2636,376.57142857142856
运动户外,棋牌麻将,围棋/五子棋,6955,993.5714285714286
母婴用品,日常护理,儿童坐便器,4902,700.2857142857143
彩妆香水,美妆工具/服务,化妆刷,26520,3788.5714285714284
节庆礼品,礼品,古董文玩,1554,222.0
节庆礼品,礼品,创意礼品,20577,2939.5714285714284
家用电器,生活电器,灭蚊器,54700,7814.285714285715
家用电器,厨房电器,多功能锅,2045,292.14285714285717
电脑数码,智能设备,体感车,931,133.0
厨具餐具,水具/酒具,保温杯,50674,7239.142857142857
家用电器,厨房电器,电动面条机,56,8.0
家用电器,生活电器,落地扇,118529,16932.714285714286
彩妆香水,唇部彩妆,唇笔/唇线笔,2101,300.14285714285717
母婴用品,家居出行,腰凳/背带,7009,1001.2857142857143
家用电器,厨卫大电,厨卫大电配件,77,11.0
家居日用,毛巾/浴巾,毛巾-浴巾,45,6.428571428571429
节庆礼品,礼品,礼品包装,375315,53616.42857142857
家装建材,其他,其他,52,7.428571428571429
运动户外,滑雪运动,滑雪服,42,6.0
母婴用品,洗护清洁,宝宝爽身粉/爽身露,37948,5421.142857142857
母婴用品,童装童鞋,儿童袜子,77022,11003.142857142857
电脑数码,摄影摄像,拍立得,31485,4497.857142857143
母婴用品,喂养用品,儿童餐具,12361,1765.857142857143
运动户外,户外鞋服,徒步鞋,381,54.42857142857143
服饰鞋包,服饰配饰,手套,71080,10154.285714285714
厨具餐具,水具/酒具,酒具,48870,6981.428571428572
家居日用,清洁工具,鞋套,30945,4420.714285714285
服饰鞋包,内衣/家居服,抹胸,47548,6792.571428571428
家庭清洁,家居清洁,管道疏通,48296,6899.428571428572
家装建材,灯饰照明,节能灯泡,3144,449.14285714285717
家用电器,厨房电器,电压力锅,2535,362.14285714285717
个人洗护,身体清洁,香皂,48066,6866.571428571428
家用电器,生活电器,挂烫机/熨斗,20193,2884.714285714286
家用电器,厨卫大电,洗碗机,548,78.28571428571429
服饰鞋包,箱包皮具,卡包/证件包,28773,4110.428571428572
学习/办公用品,纸张本册,奖状/证书,10502,1500.2857142857142
母婴用品,尿裤/尿不湿,隔尿垫/布尿裤,22087,3155.285714285714
电脑数码,其他,其他,9,1.2857142857142858
玩具乐器,儿童玩具/毛绒/减压,早教/益智玩具,72087,10298.142857142857
电脑数码,办公耗材,收银纸,18703,2671.8571428571427
家用电器,厨房电器,厨房电器配件,19561,2794.4285714285716
电脑数码,影音娱乐,有线耳机,133672,19096.0
家纺布艺,床上用品,枕头枕芯,113133,16161.857142857143
家庭清洁,家用芳香剂/驱虫,空气清新,35386,5055.142857142857
厨具餐具,烹饪锅具,其他,46500,6642.857142857143
家纺布艺,床上用品,枕巾枕套,14524,2074.8571428571427
家用电器,大家电,内衣洗衣机,2499,357.0
个人洗护,女士护理,卫生棉条,42863,6123.285714285715
家用电器,厨卫大电,燃气热水器,193,27.571428571428573
个人洗护,其他,其他,14714,2102.0
运动户外,棋牌麻将,桌游,58833,8404.714285714286
电脑数码,电动车/平衡车,电动平衡车,351,50.142857142857146
电脑数码,外设产品,数码线缆/转换器,139604,19943.428571428572
家用电器,厨房电器,面包机,749,107.0
学习/办公用品,纸张本册,本册,172310,24615.714285714286
家居日用,生活日用,洁耳工具,67477,9639.57142857143
运动户外,运动护具,运动护具套装,1004,143.42857142857142
运动户外,运动鞋服,篮球鞋,3185,455.0
厨具餐具,茶具/咖啡具,茶具套装,11739,1677.0
成人用品,女用器具,吸舔器,0,0.0
运动户外,游泳用品,其他,37027,5289.571428571428
个人洗护,身体清洁,手/足磨砂膏,19,2.7142857142857144
宠物生活,洗护美容,宠物美容电器,16711,2387.285714285714
厨具餐具,烹饪锅具,其他锅具,3572,510.2857142857143
家居日用,清洁工具,工业用剂,56,8.0
服饰鞋包,内衣/家居服,乳贴,166231,23747.285714285714
运动户外,垂钓用品,钓竿,53104,7586.285714285715
电脑数码,数码配件,滤镜,271,38.714285714285715
家用电器,个护电器,足疗机,11,1.5714285714285714
成人用品,女用器具,震动棒/按摩器,2884,412.0
